trial_id,spike_times,condition_id,condition_angle,unit_label
2,"[18.5, 180.9, 559.1, 1104.8, 2481.5, 4434.9]",2,60,"A588, U18, #15, OT"
3,"[53.3, 122.2, 177.4, 196.8, 356.5, 365.8, 422.7, 2075.3, 2122.6, 2163.1, 2262.1, 2366.5, 3935.6, 4050.9, 4151.7, 4160.1, 4200.2, 4365.2, 4383.4, 4403.2, 4469.6]",9,270,"A588, U18, #15, OT"
4,"[1638.6, 1641.7, 1653.0, 1663.0, 1691.1, 1731.0, 1968.7, 2098.4, 2118.9, 2171.3, 2316.6]",0,0,"A588, U18, #15, OT"
5,[],7,210,"A588, U18, #15, OT"
6,"[364.4, 391.4, 414.2, 1917.0, 2150.4, 2185.0, 2206.9, 2679.8, 3115.2, 3822.2]",4,120,"A588, U18, #15, OT"
7,"[862.6, 3151.4, 3157.2, 3233.7, 3257.7, 3284.0, 3299.1, 4247.7]",5,150,"A588, U18, #15, OT"
8,"[625.5, 1037.8, 3003.1, 3266.0, 3419.2, 4091.2]",6,180,"A588, U18, #15, OT"
9,"[138.4, 1532.1, 2467.3, 2650.2, 2694.6, 2700.8, 2825.1, 4377.1, 4385.1, 4417.6]",8,240,"A588, U18, #15, OT"
10,[],3,90,"A588, U18, #15, OT"
11,"[2540.9, 4079.1, 4090.9, 4094.7, 4107.1, 4185.9, 4236.9, 4304.6, 4357.7, 4372.0, 4379.7, 4400.5]",11,330,"A588, U18, #15, OT"
12,"[1250.2, 2451.6, 4214.6, 4330.6, 4338.0, 4341.5, 4344.5, 4351.2, 4362.2, 4364.9, 4366.4, 4446.8, 4456.2, 4469.1]",10,300,"A588, U18, #15, OT"
13,"[2552.8, 2820.3, 3906.4, 4106.6, 4446.2]",1,30,"A588, U18, #15, OT"
14,"[3914.1, 4028.3, 4061.1, 4103.0, 4115.2, 4143.8, 4188.8, 4194.7, 4214.4, 4223.2, 4225.2, 4238.6, 4287.4, 4296.3, 4316.2, 4383.4, 4390.0]",9,270,"A588, U18, #15, OT"
15,"[215.0, 240.9, 324.4, 329.6, 430.7, 584.3]",2,60,"A588, U18, #15, OT"
16,"[516.3, 3126.0, 4076.1, 4103.7, 4125.8, 4215.2, 4357.6, 4360.2, 4415.4, 4433.7]",0,0,"A588, U18, #15, OT"
17,"[113.4, 1214.6]",3,90,"A588, U18, #15, OT"
18,"[444.7, 457.4, 556.6, 618.2, 621.3, 698.8, 743.5, 794.5, 869.7, 1221.8, 1245.3, 1273.5, 1641.8]",4,120,"A588, U18, #15, OT"
19,"[1.6, 29.2, 54.8, 85.8, 135.7, 761.8, 1062.7, 1279.8, 1873.6, 4077.3, 4099.8, 4212.0]",11,330,"A588, U18, #15, OT"
20,"[789.1, 830.9, 983.5, 1131.7, 1298.2, 3447.8, 3975.7]",7,210,"A588, U18, #15, OT"
21,"[215.1, 254.5, 267.8, 3653.3, 3678.6, 3970.8, 4370.2, 4421.5, 4429.7]",8,240,"A588, U18, #15, OT"
22,"[161.5, 166.9, 208.2, 371.8, 405.0, 549.6, 1201.5, 1609.6, 2248.4, 2309.9, 2541.2, 2608.1, 2953.1, 3003.6]",5,150,"A588, U18, #15, OT"
23,"[879.2, 1241.2, 2224.4, 2453.5, 2458.6, 3939.8, 3946.2, 4248.2, 4380.1, 4392.5]",10,300,"A588, U18, #15, OT"
24,"[846.1, 939.7, 981.6, 993.3, 1276.0, 1823.9, 2410.0, 2419.8, 2647.6, 2815.0, 3106.8, 3120.7, 3138.5, 3280.6, 3303.5, 3440.1, 3453.3, 3468.5, 3594.9, 3612.4, 3680.0, 3919.2]",6,180,"A588, U18, #15, OT"
25,"[1139.5, 2521.3, 2565.0, 2579.2, 2594.9, 2731.6, 3036.2, 3535.8, 3657.5, 3664.5, 3722.2, 3769.8, 3888.1, 3939.7, 4410.8]",1,30,"A588, U18, #15, OT"
26,"[106.3, 115.1, 1353.7, 1438.2, 1555.4, 1580.5, 1628.0, 2033.8, 2041.1, 2069.1, 2131.0, 2226.6, 2243.4, 3202.9, 3968.7, 3981.6, 4060.4, 4075.5, 4125.4, 4159.1, 4169.9, 4209.5, 4213.2, 4399.8, 4414.8, 4434.3]",0,0,"A588, U18, #15, OT"
27,"[3.8, 2124.9, 2302.6, 2324.9, 2327.0, 2587.9, 2656.3, 2702.9, 2733.6, 2825.6, 2922.9, 3497.9, 4101.5, 4227.8, 4244.3]",2,60,"A588, U18, #15, OT"
28,"[1312.6, 1331.3, 1391.7, 1426.0, 1457.6, 1554.2, 1632.4, 1719.8, 1784.4, 1808.9, 2257.6, 2891.5, 2915.2, 3018.5, 3071.3, 3106.0, 3139.9, 3209.6, 3293.0]",11,330,"A588, U18, #15, OT"
29,"[254.5, 711.2, 769.7, 784.1, 1153.1, 2777.6]",6,180,"A588, U18, #15, OT"
30,"[186.3, 582.9, 2760.5, 2819.4, 2857.5, 2915.8, 2940.4, 2970.9, 3003.2, 3019.0, 3034.2, 3067.7, 3087.9, 3108.8, 3202.6, 3368.8, 3399.2, 3640.9, 4069.6]",1,30,"A588, U18, #15, OT"
31,"[574.3, 799.6, 822.8, 894.0, 903.6, 992.2, 1004.5, 1028.0, 1044.2, 1125.7, 1179.0, 1217.3, 1227.0, 1245.9, 1255.7, 1271.8, 1315.7, 1320.9, 1356.5, 1390.3, 1409.1, 1429.8, 1445.4, 1501.6, 1540.8, 2158.6, 2235.0, 2335.3, 2419.5, 2476.6, 2522.2, 2616.6, 2674.8, 3132.2, 3211.9, 3268.0]",3,90,"A588, U18, #15, OT"
32,"[730.9, 763.4, 1876.4]",7,210,"A588, U18, #15, OT"
33,"[219.5, 337.0, 341.1, 969.3, 1838.7, 1846.6, 1860.5, 1863.6, 1869.3, 1877.2, 1891.8, 2013.4, 2190.3, 2222.0, 3449.4, 3605.0, 3693.6, 3782.6, 4094.5, 4238.9, 4246.5]",8,240,"A588, U18, #15, OT"
34,"[684.7, 715.7, 724.9, 791.9, 1057.9, 2085.2, 2155.5, 2205.7, 2264.5, 2423.7, 3831.6, 3870.9, 3923.4, 3955.8, 4261.3]",5,150,"A588, U18, #15, OT"
35,"[289.1, 1070.3, 2870.6, 2893.4, 2900.9, 2904.1, 2906.2, 3003.7, 3033.2, 3219.8, 4101.3, 4124.8, 4192.6, 4241.7, 4243.3, 4245.9, 4308.8, 4349.7, 4377.5, 4384.3, 4398.4]",9,270,"A588, U18, #15, OT"
36,"[533.7, 2339.2, 2455.8, 2476.6, 2528.1, 2533.9, 2539.4, 3150.8, 3303.5, 3329.1, 3354.7, 3374.4, 3422.6, 3464.0, 3658.1, 3662.5, 3674.9, 3772.5, 3788.9, 3897.7, 4019.2, 4117.7, 4128.9, 4239.8, 4254.6, 4327.1, 4383.7, 4440.1]",10,300,"A588, U18, #15, OT"
37,"[8.9, 174.0, 217.6, 1381.7, 2528.0]",4,120,"A588, U18, #15, OT"
38,"[1100.6, 1410.9, 1422.4, 1503.9, 1598.8, 1603.3, 1780.1, 1808.3, 1848.2, 2038.1, 2167.6, 4414.6]",2,60,"A588, U18, #15, OT"
39,"[788.5, 846.0, 893.1, 1010.3, 1307.4, 1681.6, 4117.2, 4230.7, 4315.6, 4365.6, 4379.2, 4445.0, 4466.5]",11,330,"A588, U18, #15, OT"
40,"[642.0, 847.3, 920.3, 988.2, 1413.0, 2581.2, 4273.4]",3,90,"A588, U18, #15, OT"
41,"[2740.4, 2815.6]",6,180,"A588, U18, #15, OT"
42,"[1557.8, 1574.9, 3120.1, 3233.6, 3836.4, 4097.9, 4100.6, 4139.3, 4230.9, 4280.3, 4339.6, 4381.9]",8,240,"A588, U18, #15, OT"
43,"[3.5, 269.5, 421.5, 1173.7, 1482.8, 1551.6, 1584.0, 2047.6, 2157.8, 2227.6, 2340.4, 2653.6, 2843.7, 3123.0, 3245.9, 3312.1, 3562.9, 3878.0, 3974.3, 4081.9, 4141.0, 4253.0, 4324.5, 4447.3]",10,300,"A588, U18, #15, OT"
44,"[5.9, 714.0, 781.7, 895.1, 911.9, 992.7, 1061.6, 1084.7, 1127.4, 1217.9, 1246.8, 1305.0, 1358.3, 1434.3, 1573.8, 1585.9, 1655.6, 1657.4, 2865.0, 3120.1, 3365.0, 4348.3, 4412.3, 4433.7]",7,210,"A588, U18, #15, OT"
45,"[39.4, 50.3, 100.5, 189.7, 700.1, 769.2, 893.6, 897.0, 1011.1, 1352.3, 1438.5, 2005.9, 2191.9, 2229.2, 2297.3, 2388.5, 2451.2, 2540.1, 2998.1, 3018.2, 3343.0, 3561.6, 3591.9, 3661.2, 3705.8, 3788.7, 3801.7, 3885.0, 4073.9, 4085.7, 4146.8]",1,30,"A588, U18, #15, OT"
46,"[449.8, 613.5, 642.5, 810.7, 1225.2, 1652.9, 1792.4, 1809.1, 1831.4, 1856.5, 2080.8, 2188.9, 2244.5, 2267.5, 2289.5, 2334.1, 2340.2, 2359.5, 2361.3, 2466.6, 3829.5, 4062.2, 4167.7, 4307.2, 4362.6]",0,0,"A588, U18, #15, OT"
47,"[578.4, 1190.3, 1213.6, 1395.2, 1418.5, 1485.2, 1881.5, 1945.5, 4121.2, 4187.3, 4349.5, 4470.8]",9,270,"A588, U18, #15, OT"
48,"[724.0, 917.6, 1000.8, 1113.2, 1257.7, 1353.1, 1794.9, 1817.7, 1824.7, 1844.6, 1846.5, 1855.4, 1864.3, 1873.6, 1882.3, 1889.4, 1893.2, 1897.4, 1913.4, 1924.7, 1984.5, 1990.4, 2105.2, 2215.2, 3329.4, 3551.9, 3587.1, 3601.4, 3621.8, 3695.8, 3772.8, 3778.1, 3826.1, 3887.2, 3952.1, 3997.4, 4042.3]",5,150,"A588, U18, #15, OT"
49,"[185.1, 234.4, 240.4, 243.4, 348.2, 390.4, 425.3, 455.5, 487.4, 568.1, 647.8, 664.2, 752.2, 848.4, 1056.8, 1101.4, 1412.1, 1421.8, 1504.8, 1700.2, 2103.8, 3019.6, 3472.2, 3644.5, 3737.2, 3742.7]",4,120,"A588, U18, #15, OT"
50,"[313.9, 1645.0, 3077.6, 3145.2, 3200.1, 3235.5, 3254.5, 3262.3, 3341.6, 3449.8, 3456.7, 3516.7, 3615.1]",5,150,"A588, U18, #15, OT"
51,"[533.7, 1432.0, 1440.5, 2523.9, 2644.9, 2857.8, 2887.4, 2970.6, 3033.5, 3245.2, 4285.1]",4,120,"A588, U18, #15, OT"
52,"[6.0, 103.6, 110.0, 132.9, 1209.3, 1573.5, 1634.1, 1662.5, 1666.6, 1681.3, 1724.8, 1748.2, 2154.5, 2157.9, 2468.4]",3,90,"A588, U18, #15, OT"
53,"[477.5, 543.7, 556.8, 612.1, 629.8, 639.1, 731.9, 824.2, 827.3, 883.1, 924.7, 936.7, 940.4, 958.2, 1005.7, 1168.0, 1200.9, 1314.2, 1912.6, 1975.6, 2071.2, 2476.7, 2598.1, 2705.1, 2745.3, 2912.4, 3253.1, 3261.4, 3286.1, 3328.3, 3330.9, 4080.6, 4119.1, 4189.2, 4194.2, 4244.9, 4295.5, 4319.6, 4409.6, 4425.2]",11,330,"A588, U18, #15, OT"
54,"[76.1, 300.2, 338.5, 370.5, 374.7, 754.6, 1100.8, 2188.6, 2322.1, 2385.9, 2402.2, 2442.6, 2460.8, 2467.4, 2491.8, 2519.9, 2652.5, 2875.7, 3022.4, 3222.0, 3404.8, 3447.1, 3589.5, 3704.0, 3774.7, 3859.5, 4010.5, 4062.2, 4079.1, 4105.2, 4133.0, 4165.4, 4202.6, 4333.8]",10,300,"A588, U18, #15, OT"
55,"[267.1, 327.0, 527.5, 792.5, 988.6, 1148.4, 2358.4, 3372.2, 3424.7, 3660.5, 4239.2, 4302.1]",7,210,"A588, U18, #15, OT"
56,"[1169.1, 1474.1, 1492.7, 1531.0, 2121.2, 3183.0, 3306.7, 3362.4, 3411.6, 3504.0, 3510.0, 3556.3, 3758.0, 3916.0]",2,60,"A588, U18, #15, OT"
57,"[454.1, 623.0, 904.9, 1030.2, 1102.3, 1267.4, 1306.1, 1845.8, 1886.4, 1956.5, 1959.2, 2009.8, 2045.1, 2093.5, 2169.9, 2222.0, 2294.6, 2302.2, 2459.0, 2485.3, 2495.1, 2533.9, 2675.9, 2712.3, 2734.2, 3273.7, 3300.9, 3342.2, 3345.0, 3353.5, 3402.7, 3556.8, 3715.1, 4016.4, 4026.3, 4041.2, 4154.4, 4188.7, 4252.6]",6,180,"A588, U18, #15, OT"
58,"[44.7, 98.1, 162.0, 740.3, 1839.4, 1881.5, 1950.8, 1969.1, 1994.4, 2023.9, 2034.8, 2050.5, 2910.2, 3497.3, 3516.1, 3540.3, 3879.3, 4271.5]",0,0,"A588, U18, #15, OT"
59,"[2116.1, 3871.0, 3920.1, 3960.3, 4013.0, 4030.6, 4090.5, 4204.7, 4323.7]",9,270,"A588, U18, #15, OT"
60,"[779.0, 814.5, 1899.6, 2214.3, 2246.6, 2793.9, 2808.7, 3863.1]",1,30,"A588, U18, #15, OT"
61,"[3962.9, 3986.7, 4034.0, 4145.8, 4226.8, 4373.0, 4431.5]",8,240,"A588, U18, #15, OT"
62,"[71.6, 1350.1, 1645.0, 1948.1]",3,90,"A588, U18, #15, OT"
63,"[635.6, 741.2, 1122.3, 2028.7, 2059.2, 2075.3, 2107.8, 2121.1, 2132.1, 2154.1, 2340.1, 2779.7]",7,210,"A588, U18, #15, OT"
64,"[209.3, 1141.1, 1170.2, 1199.2, 1212.4, 1229.9, 1256.2, 1274.0, 1340.4, 1369.6, 1428.9, 1484.9, 1569.1, 1618.8, 2941.5, 2972.0, 3356.5, 3445.8, 3477.7, 3516.2, 3573.6, 3620.1, 3734.2]",5,150,"A588, U18, #15, OT"
65,"[388.2, 874.5, 907.6, 1051.2, 1078.5, 1168.8, 1181.8, 1954.3, 2245.2, 3020.3, 3498.1, 4413.3]",4,120,"A588, U18, #15, OT"
66,"[90.3, 906.8, 937.8, 1216.9, 1410.7, 1425.8, 1451.3, 1512.6, 1550.1, 1683.6, 1696.5, 1730.4, 1775.4, 1786.4, 1792.1, 1794.8, 1825.2, 1894.0, 1907.5, 1923.4, 2122.9, 2188.6, 2826.9, 2879.8, 3063.8, 3081.3, 3118.7, 3149.4, 3176.7, 3184.1, 3189.8, 3420.0, 3705.6, 3716.5, 3796.3, 3820.5, 3843.6, 3859.5, 4016.0, 4067.0, 4287.0, 4403.7]",10,300,"A588, U18, #15, OT"
67,"[408.8, 549.5, 623.3, 1121.4, 1627.1, 1693.3, 1762.8, 1908.3, 1983.7, 2049.1, 2061.5, 3204.1, 3264.9, 3372.1, 3454.0, 3964.6, 4014.1, 4124.5, 4188.1]",11,330,"A588, U18, #15, OT"
68,"[226.1, 382.9, 749.9, 792.2, 815.8, 895.7, 1171.5, 3138.2, 3177.7, 4163.9, 4351.4]",2,60,"A588, U18, #15, OT"
69,"[3478.1, 3977.2, 4017.2]",6,180,"A588, U18, #15, OT"
70,"[1254.9, 1355.6, 1389.0, 1448.3, 1612.1, 1640.5, 1701.2, 1809.2, 2152.0, 2301.1, 4108.7, 4237.2, 4316.4]",0,0,"A588, U18, #15, OT"
71,"[2478.1, 2607.4, 3746.6, 3750.4, 4099.4, 4104.3, 4196.1, 4222.6, 4424.0, 4450.5]",9,270,"A588, U18, #15, OT"
72,"[2648.0, 3018.2, 3726.7, 3949.0, 4046.6]",1,30,"A588, U18, #15, OT"
73,"[207.1, 267.0, 2164.0, 2491.1, 2533.6, 2582.6, 2922.9, 3031.9, 3097.5, 3125.8, 3172.8, 3293.2, 3328.7, 3575.3, 3620.9, 3696.4, 3714.6, 3753.4, 3774.4, 3875.6, 3887.5, 3912.3, 3919.8, 3935.5, 3939.5, 3950.7, 3980.2, 4028.0, 4072.1, 4159.1, 4184.0]",8,240,"A588, U18, #15, OT"
74,"[252.7, 1447.6, 1521.2, 1853.9, 1904.5, 1984.2, 2100.7, 2283.5, 2740.9, 2829.8, 2854.5, 2863.0, 3479.2]",5,150,"A588, U18, #15, OT"
75,"[141.5, 205.6, 218.6, 222.1, 265.9, 279.9, 292.3, 321.5, 418.7, 496.9, 542.9, 2031.9, 2164.4, 2204.7, 2233.5, 2260.1, 2270.3, 2272.4, 2277.8, 2347.6, 2356.2, 2409.9, 2435.5, 2456.1, 2508.9, 2686.2, 2707.1, 3970.1, 3993.2, 4220.6, 4322.9]",3,90,"A588, U18, #15, OT"
76,"[221.5, 1209.7, 1872.3, 1927.5, 1964.0, 2052.3, 2162.9, 2739.9, 2788.9, 2847.1, 2880.3, 2887.8, 2928.7, 3109.6, 3604.1, 4069.9, 4093.4]",0,0,"A588, U18, #15, OT"
77,"[147.1, 220.7, 361.5, 448.3, 1090.0, 1151.5, 1172.9, 1279.6, 1297.3, 1334.2, 1352.1, 1364.9, 1375.5, 1381.7, 1387.1, 1407.9, 1412.6, 1420.6, 1426.0, 1483.1, 1535.1, 1555.4, 1580.5, 1594.8, 1616.4, 1787.7, 1797.3, 2282.4, 2484.8, 2490.6, 2567.3, 2946.5, 4255.1, 4295.8, 4306.1, 4355.9]",4,120,"A588, U18, #15, OT"
78,"[325.8, 346.9, 369.4, 1063.8, 1218.9, 1228.4, 1586.4, 1629.4, 1682.3, 1720.3, 1751.0, 2058.3, 2192.1, 2245.2, 2272.2, 2308.7, 3600.5]",6,180,"A588, U18, #15, OT"
79,"[536.0, 601.3, 889.2, 1039.5, 1066.5, 1119.4, 1960.8, 2253.3, 2256.4, 2895.9, 4068.8, 4086.9]",11,330,"A588, U18, #15, OT"
80,"[1308.6, 1529.5, 1591.2, 1644.0, 3355.9, 3822.9, 4020.3]",2,60,"A588, U18, #15, OT"
81,"[529.5, 1911.5, 2010.8, 3027.8, 3246.0, 3808.2, 4064.0, 4085.5, 4149.7, 4199.4, 4338.2]",9,270,"A588, U18, #15, OT"
82,"[319.9, 466.1, 692.2, 842.4, 1009.4, 1077.8, 1439.6, 1484.7, 1594.2, 1676.9, 1721.6, 1820.5, 1838.3, 1862.8, 1909.2, 1919.4, 1991.8, 2025.4, 2082.9, 2139.1, 2171.6, 3087.3, 3676.2, 3736.4, 3875.1, 3928.2, 3940.5, 4005.3, 4097.5, 4156.5, 4223.4, 4232.7, 4325.1, 4343.3, 4403.4]",7,210,"A588, U18, #15, OT"
83,"[56.6, 560.0, 612.3, 634.5, 658.4, 2005.2, 2052.4, 2085.6, 3451.8, 3732.4, 4015.3, 4056.1, 4235.3, 4297.3]",10,300,"A588, U18, #15, OT"
84,"[659.4, 665.3, 1038.3, 1185.4, 1277.9, 3259.6, 3290.3, 3523.0, 3610.2, 3687.6, 3775.1, 3780.4, 3970.1]",1,30,"A588, U18, #15, OT"
85,"[307.2, 367.8, 1001.2, 1186.6, 1844.8, 2131.0, 2139.4, 2241.0, 2282.6, 2611.0, 2655.4, 2692.5, 2712.0, 2725.6, 3726.2, 3791.7]",8,240,"A588, U18, #15, OT"
86,"[2047.0, 2208.3, 2254.0, 2408.4, 2512.2, 2537.7, 2566.6, 2689.0, 2889.4, 3004.2, 3146.1, 3183.0, 3347.3, 3453.5, 3648.7, 3712.3, 3785.9, 3876.7, 3934.5, 4051.0, 4072.4, 4098.6, 4123.6, 4212.3, 4224.2, 4245.4, 4402.5, 4466.2]",9,270,"A588, U18, #15, OT"
87,"[11.5, 30.5, 890.1, 925.8, 1535.9, 2675.9, 4326.3]",3,90,"A588, U18, #15, OT"
88,"[36.2, 86.8, 159.2, 191.5, 300.4, 309.4, 402.8, 468.0, 528.0, 541.2, 546.1, 569.7, 597.8, 629.9, 706.1, 714.0, 730.4, 773.1, 808.8, 873.5, 950.6, 964.2, 978.9, 1006.6, 1078.8, 1087.5, 1124.6, 1485.0, 2091.1, 2384.0, 2436.0, 3091.8, 3104.9, 3244.7, 3289.6, 3311.8, 4014.6]",6,180,"A588, U18, #15, OT"
89,"[334.1, 421.3, 454.9, 1040.1, 1057.6, 1148.4, 1295.9, 1448.0, 1473.2, 1489.7, 1521.7, 1560.8, 1634.6, 1842.3, 2188.8, 2200.9, 2616.9, 2749.1, 2800.9, 2822.1, 2835.4, 2878.9, 3550.4, 3776.1, 3788.3, 3805.1, 3895.4]",4,120,"A588, U18, #15, OT"
90,"[467.5, 603.0, 639.8, 661.5, 820.2, 932.5, 1668.9, 1766.4, 2422.4, 4157.0]",1,30,"A588, U18, #15, OT"
91,"[1243.0, 1371.6, 3445.7, 3706.6]",5,150,"A588, U18, #15, OT"
92,"[81.5, 140.7, 2875.8, 2912.6, 3082.9, 3112.2, 3160.2, 3167.8, 3238.2, 3273.6, 3340.3, 3419.7, 3430.8, 3670.9, 4103.0, 4215.4, 4232.2, 4238.5, 4444.6]",10,300,"A588, U18, #15, OT"
93,"[425.0, 1195.3, 2417.5, 4093.0, 4311.4]",8,240,"A588, U18, #15, OT"
94,"[15.9, 27.6, 145.2, 194.5, 215.2, 258.9, 277.8, 290.4, 293.6, 338.2, 468.7, 485.1, 492.8, 503.0, 546.2, 578.8, 589.3, 631.5, 636.1, 688.4, 737.7, 771.1, 806.9, 868.5, 1331.9, 1918.1, 2345.6, 2605.4, 3782.6, 4065.1]",7,210,"A588, U18, #15, OT"
95,"[135.3, 582.5, 598.6, 1416.5, 1747.2, 1896.0, 2004.1, 2122.1, 2483.0, 2525.2, 2741.9, 3452.6, 3553.6, 3572.1, 3784.6]",0,0,"A588, U18, #15, OT"
96,"[34.4, 609.0, 2269.1, 2351.3, 2360.3, 2585.5, 3677.6, 4049.8, 4065.6, 4067.1, 4172.0, 4271.6, 4291.5, 4325.5, 4444.2, 4469.7]",2,60,"A588, U18, #15, OT"
97,"[3.7, 32.0, 206.6, 323.7, 358.1, 1347.4, 1353.6, 1500.9, 1524.5, 1726.8, 1816.4, 1877.4, 1892.9, 1962.4, 1976.8, 2067.8, 2519.2, 2551.6, 2670.3, 2882.0, 4168.2, 4186.2, 4241.7, 4272.0, 4280.5, 4423.7]",11,330,"A588, U18, #15, OT"
98,"[580.1, 1874.2, 2541.3, 3288.9, 4156.2, 4213.0]",8,240,"A588, U18, #15, OT"
99,"[1208.3, 3184.3, 3329.9, 3430.6, 4061.4, 4091.3, 4227.1, 4304.9, 4448.8]",11,330,"A588, U18, #15, OT"
100,"[1855.4, 3412.0, 3496.9]",6,180,"A588, U18, #15, OT"
101,"[1004.7, 2323.9, 3311.0, 3769.7]",4,120,"A588, U18, #15, OT"
102,[2936.1],7,210,"A588, U18, #15, OT"
103,"[2003.5, 2831.1]",5,150,"A588, U18, #15, OT"
104,"[38.6, 75.9, 290.9, 801.3, 2871.6, 3034.2, 3062.7, 3119.0, 3178.0, 3238.4, 3279.6, 4218.0, 4358.8, 4436.8]",10,300,"A588, U18, #15, OT"
105,"[2010.7, 2364.1, 3688.9, 3898.9, 4057.8, 4068.6, 4074.2, 4084.8, 4094.3, 4150.2, 4172.7, 4214.8, 4287.0, 4330.8, 4341.3, 4418.3, 4419.8, 4422.7]",9,270,"A588, U18, #15, OT"
106,"[525.2, 690.0, 831.2, 1183.9, 1368.7, 1435.8, 2957.1, 3012.3, 3123.9, 3173.2, 3386.7, 3412.3, 3441.0, 4161.1]",1,30,"A588, U18, #15, OT"
107,"[729.6, 899.4, 1002.2, 1106.8, 2249.9, 2296.0, 2484.2, 2540.7, 2572.0, 2793.0, 3194.0, 3302.3, 3394.0, 3453.6, 3978.6, 4109.6, 4171.9, 4177.9, 4228.2, 4257.6, 4261.4, 4335.3]",0,0,"A588, U18, #15, OT"
108,"[47.7, 145.1, 1322.4, 3540.6]",3,90,"A588, U18, #15, OT"
109,"[582.9, 1761.5, 2368.0]",2,60,"A588, U18, #15, OT"
110,"[1636.7, 1679.0, 1703.7, 1712.0, 1854.0, 2330.8, 3751.7, 3824.0]",3,90,"A588, U18, #15, OT"
111,"[142.7, 355.6, 1962.2, 2219.1, 2294.3, 2410.3, 2510.3, 2544.2, 2575.8, 3637.8, 3739.4, 3925.5, 4032.2, 4043.0, 4304.8]",6,180,"A588, U18, #15, OT"
112,"[53.0, 66.3, 169.0, 175.3, 416.9, 494.7, 893.0, 2349.1, 2739.8, 2757.8, 2846.8, 2888.4, 2903.2, 2945.0, 2989.7, 3047.4, 3184.5, 3275.8, 3357.6, 3502.0]",7,210,"A588, U18, #15, OT"
113,"[675.2, 716.1, 952.1, 1184.9, 1266.4, 1398.4, 1663.7, 1693.2, 2351.4, 2381.3, 2401.0, 2429.8, 2545.5, 2689.8, 2767.7, 2784.1, 2809.2, 2901.1, 2924.5, 3019.6, 3043.6, 3061.8, 3774.5, 3829.7]",4,120,"A588, U18, #15, OT"
114,"[436.0, 653.5, 2194.4, 2290.2]",5,150,"A588, U18, #15, OT"
115,"[40.8, 682.2, 872.0, 1007.7, 1108.5, 1122.8, 1191.9, 1596.7, 1941.9, 3365.7, 3409.6, 3693.3, 4014.4, 4066.0, 4111.3, 4231.2]",0,0,"A588, U18, #15, OT"
116,"[137.9, 170.5, 184.9, 225.9, 249.2, 253.7, 275.5, 286.8, 289.2, 326.1, 387.0, 428.5, 491.0, 720.8, 774.4, 810.2, 888.9, 1323.7, 1916.3, 1939.4, 2632.7, 2827.7, 4091.7, 4108.8, 4165.0, 4179.6, 4199.6, 4211.8, 4229.9, 4247.7, 4278.5, 4304.9, 4320.0, 4339.9, 4347.4, 4362.5, 4386.9, 4410.1, 4424.0]",10,300,"A588, U18, #15, OT"
117,"[273.0, 294.0, 938.2, 974.2, 976.6, 998.5, 1651.7]",2,60,"A588, U18, #15, OT"
118,"[103.1, 273.5, 1645.9, 1650.6, 3059.9, 3756.4, 3827.7, 3984.6, 4211.9, 4350.4, 4378.8]",1,30,"A588, U18, #15, OT"
119,"[1051.4, 1517.9, 1585.8, 1791.3, 1921.8, 2011.8, 2075.8, 2120.6, 2141.4, 4158.4, 4193.8, 4196.3, 4291.1, 4436.1]",11,330,"A588, U18, #15, OT"
120,"[275.0, 1337.6, 1663.0, 1693.0, 2512.8, 2762.1, 2890.5, 2901.7, 2917.4, 2922.2, 2933.9, 2942.1, 3017.9, 3025.1, 3128.4, 3762.0, 4064.9, 4117.2, 4146.5, 4260.6, 4285.6, 4403.2, 4439.3, 4472.4]",9,270,"A588, U18, #15, OT"
121,"[2482.0, 2485.0, 3493.3, 3683.1, 4110.4, 4179.6]",8,240,"A588, U18, #15, OT"
122,"[930.7, 1033.6, 1479.5, 1633.5, 3469.8, 3484.9, 3559.5, 3633.9, 3999.7, 4067.7]",7,210,"A588, U18, #15, OT"
123,"[153.0, 270.9, 427.6, 646.8, 3352.7, 4072.6]",1,30,"A588, U18, #15, OT"
124,"[308.3, 716.7, 730.6, 761.1, 837.0, 889.7, 982.5, 1117.6, 1125.8, 1367.0, 1415.8, 1724.5, 2366.5, 2557.9, 2591.0, 3364.4, 3652.6, 3737.7, 3924.1, 3947.8, 4396.9]",6,180,"A588, U18, #15, OT"
125,"[18.8, 152.0, 205.8, 908.4, 1026.1, 1052.1, 1076.5, 1099.4, 1125.7, 1151.7, 1229.2, 2080.2, 2165.4, 2538.3, 3553.0]",4,120,"A588, U18, #15, OT"
126,"[64.2, 182.6, 240.1, 516.1, 593.8, 1488.7, 2172.8, 2279.7, 2333.0, 2469.9, 2514.9, 2553.2, 2573.1, 2591.3, 2610.5, 3423.4, 3431.7, 3569.0, 3642.1, 3675.5, 3770.3, 3917.4, 3980.2, 4006.6, 4029.8, 4156.1]",5,150,"A588, U18, #15, OT"
127,"[22.9, 366.3, 464.9, 497.6, 2380.3, 2483.0, 3289.9, 4086.9, 4140.9, 4203.5, 4282.0, 4368.8, 4437.9]",0,0,"A588, U18, #15, OT"
128,"[1892.6, 1935.2, 3161.5]",3,90,"A588, U18, #15, OT"
129,"[240.9, 446.3, 469.2, 531.6, 586.4, 657.5, 2489.6, 2549.1, 2721.9, 2877.7, 4049.0]",2,60,"A588, U18, #15, OT"
130,"[962.4, 1032.5, 1034.7, 3488.8, 3538.4, 3593.5, 3640.9, 3656.3, 3821.7, 3969.8, 4025.6, 4063.0, 4098.1, 4145.4, 4228.8, 4284.9, 4332.5, 4419.6]",9,270,"A588, U18, #15, OT"
131,"[1305.1, 1796.5, 2296.4, 2325.5, 2389.9, 2490.8, 4128.0, 4142.2, 4173.0, 4240.0, 4329.8, 4442.4, 4458.9]",8,240,"A588, U18, #15, OT"
132,"[978.7, 1030.9, 1106.2, 1267.1, 1327.5, 2890.3, 2947.3, 3651.5, 4095.5, 4143.3, 4174.4, 4207.6, 4242.1, 4266.8, 4349.1, 4371.9, 4427.0, 4431.0]",10,300,"A588, U18, #15, OT"
133,"[140.9, 285.9, 2292.1, 3128.7, 3178.2, 4013.1, 4079.0, 4192.9, 4211.9, 4324.0]",11,330,"A588, U18, #15, OT"
134,"[583.5, 786.2, 872.6, 1482.4, 1528.7, 1595.5, 1601.4, 1652.1, 1664.7, 1719.1, 1743.6, 1760.1, 1822.2, 1844.1, 1877.6, 1897.5]",2,60,"A588, U18, #15, OT"
135,"[1144.0, 1282.7, 2279.0, 3507.1, 3904.8, 4220.3, 4417.1]",1,30,"A588, U18, #15, OT"
136,"[849.3, 924.7, 1002.1, 1089.8, 1098.5, 1375.2, 2370.9, 2543.7, 4096.1, 4120.7, 4138.7, 4199.8, 4204.3, 4249.3, 4373.1, 4432.2]",10,300,"A588, U18, #15, OT"
137,"[1436.2, 1467.9, 1542.6, 1693.6, 1738.2, 4090.7, 4133.8]",4,120,"A588, U18, #15, OT"
138,"[222.6, 356.6, 1177.2, 1225.1, 1422.6, 1845.9, 2010.0, 3037.4, 4100.9, 4108.4, 4136.2, 4214.0, 4251.5, 4278.2, 4331.8, 4376.2, 4417.1, 4450.7]",9,270,"A588, U18, #15, OT"
139,"[813.8, 2239.2, 2429.6, 2926.7]",6,180,"A588, U18, #15, OT"
140,"[835.8, 875.8, 1046.5, 2162.7, 3792.3, 4018.9, 4208.6, 4408.4]",3,90,"A588, U18, #15, OT"
141,"[820.0, 1270.3, 1344.1, 1434.7, 1643.9, 3964.2, 4107.1, 4111.3, 4163.5, 4201.9, 4266.2, 4291.4, 4335.2]",0,0,"A588, U18, #15, OT"
142,"[1272.8, 1522.9, 1823.3, 1839.8, 1924.8, 1988.2, 1998.6, 2014.8, 2067.7, 2103.7, 2214.4, 2838.0, 2979.9, 3581.1, 3690.7, 4084.9, 4112.4, 4386.9]",8,240,"A588, U18, #15, OT"
143,"[359.9, 473.1, 821.3, 1003.7, 1384.1, 1462.0, 1532.1, 1642.7, 1664.2, 1686.8, 1699.8, 1719.4, 1725.6, 1810.5, 1814.0, 1866.3, 1918.9, 2414.7, 2432.4, 2436.0, 2441.6, 2457.5, 2468.0, 2507.0, 2511.4, 2528.6, 2538.4, 2542.5, 2612.4, 2645.2, 2679.8, 3275.5, 3281.7, 3327.3, 3335.4, 3392.9, 3422.2, 3442.1, 3484.4, 3503.4, 3602.6, 3844.9, 3874.1, 3891.4, 3893.9, 3897.7, 3899.3, 3936.6, 3967.0, 4003.3, 4104.1, 4113.5, 4141.5, 4152.7, 4164.6, 4244.0]",7,210,"A588, U18, #15, OT"
144,"[259.4, 292.5, 386.7, 399.9, 425.3, 518.5, 569.9, 724.1, 753.0, 788.7, 1096.7, 1313.9, 1726.4, 1827.5, 1861.9, 1948.0, 2178.8, 2241.5, 3639.0, 3748.4]",5,150,"A588, U18, #15, OT"
145,"[99.7, 120.9, 228.0, 269.0, 314.6, 349.9, 355.5, 396.5, 479.8, 588.2, 858.6, 922.3, 938.9, 992.9, 1029.0, 1061.0, 1141.3, 1148.5, 1163.4, 1222.1, 1239.4, 1363.9, 1389.0, 1398.6, 1400.2, 1424.2, 1443.0, 1463.9, 3608.9, 3993.7, 4177.4]",11,330,"A588, U18, #15, OT"
146,"[1066.0, 1557.1, 2744.4, 2860.4, 3659.9, 3797.9, 3841.8, 3883.6, 3895.6, 4022.5, 4061.3, 4074.5, 4093.4, 4228.5, 4280.7, 4357.1]",6,180,"A588, U18, #15, OT"
147,"[2129.1, 2259.6, 2420.0, 3291.9, 4152.5, 4276.2, 4419.7]",1,30,"A588, U18, #15, OT"
148,"[771.9, 1020.2, 1142.3, 1459.7, 1510.5, 1525.5, 1754.2, 1954.0, 2055.8, 2058.1, 2074.3, 2097.4, 2100.2, 2103.2, 2108.5, 2110.5, 2181.4, 2190.9, 2213.1, 2258.1, 2283.8, 2326.8, 2342.1, 2347.4, 2352.3, 2574.3, 2672.3, 2674.9, 2893.4, 3645.9, 3842.2, 3879.0]",7,210,"A588, U18, #15, OT"
149,"[677.6, 1111.3, 1146.4, 1360.9, 1394.8, 1515.1, 1604.3, 2422.1, 2625.5, 2926.3, 2976.8, 2992.7, 3071.6, 3086.3, 3111.1, 3113.6, 3159.0, 3161.3, 3164.9, 3169.2, 3193.1, 3254.2, 3288.3, 3307.2, 3499.4]",4,120,"A588, U18, #15, OT"
150,"[1917.1, 2236.6, 2244.9, 2359.6, 2378.0, 2422.8, 2523.3, 4332.7, 4445.2]",8,240,"A588, U18, #15, OT"
151,"[2069.1, 2151.7, 2181.2, 3463.0, 3517.3, 3674.1, 3757.9, 3953.0, 4055.6, 4107.3, 4177.6, 4322.3, 4393.7, 4395.4, 4459.8]",10,300,"A588, U18, #15, OT"
152,"[882.0, 1058.4, 1248.5, 1521.6, 1761.1, 1775.2, 1780.5, 2571.0, 2914.4, 3015.0, 3065.1, 3078.9, 3117.5, 3126.9, 3184.4, 3189.8, 3193.5, 3196.4, 3227.7, 3291.1, 3311.3, 3345.5, 3437.5, 4226.9]",5,150,"A588, U18, #15, OT"
153,"[519.1, 3047.8, 4306.0]",0,0,"A588, U18, #15, OT"
154,"[4110.0, 4117.4, 4165.8, 4199.2, 4209.0, 4333.5, 4335.2, 4338.3]",9,270,"A588, U18, #15, OT"
155,[1362.0],3,90,"A588, U18, #15, OT"
156,"[1016.5, 1345.5, 1408.9, 2299.9, 2973.4, 4078.2]",2,60,"A588, U18, #15, OT"
157,"[145.6, 344.4, 3572.7, 3585.8, 3632.4, 3689.6, 4214.6, 4262.7]",11,330,"A588, U18, #15, OT"
158,"[3327.7, 3474.1]",4,120,"A588, U18, #15, OT"
159,"[602.6, 618.5, 2213.5, 2811.4, 4091.5, 4280.3]",0,0,"A588, U18, #15, OT"
160,"[730.7, 1210.3]",3,90,"A588, U18, #15, OT"
161,"[420.5, 431.4, 1469.4, 1502.7, 1652.8, 1995.1, 2026.0, 2075.9, 2079.6, 2141.1, 2391.6, 2597.1, 2857.1, 2943.1, 2993.4, 3034.5, 3103.8, 3116.8, 3221.6, 3295.5, 3365.8, 3390.7, 3622.8, 3645.6, 3799.0, 3860.5, 3938.4, 3973.4, 4170.2]",2,60,"A588, U18, #15, OT"
162,"[171.8, 429.0, 701.7, 762.1, 781.2, 983.1, 1724.8, 2344.5, 2416.9, 2746.6, 2800.6, 2811.3, 2836.2, 2876.7, 2946.3, 2988.7, 4038.9, 4054.5, 4123.3, 4173.1, 4206.8, 4224.4, 4243.9, 4274.8, 4351.5, 4357.3, 4467.6]",8,240,"A588, U18, #15, OT"
163,"[2410.4, 4065.3, 4087.1, 4150.8, 4208.8, 4442.4]",10,300,"A588, U18, #15, OT"
164,[],5,150,"A588, U18, #15, OT"
165,"[1211.3, 1376.0, 4080.6, 4167.7, 4178.6, 4234.4, 4243.9, 4303.6, 4385.7]",9,270,"A588, U18, #15, OT"
166,"[1473.6, 3113.2, 3160.7]",6,180,"A588, U18, #15, OT"
167,"[2163.9, 2435.1, 2778.3, 2991.9, 3262.8, 3334.4, 3337.1, 4324.0, 4362.2, 4405.9]",7,210,"A588, U18, #15, OT"
168,[],1,30,"A588, U18, #15, OT"
169,"[273.5, 1874.6, 3018.5, 3080.9, 3139.7, 4108.7, 4110.3, 4138.1, 4169.7, 4212.9, 4250.0, 4257.6, 4363.9, 4394.5]",11,330,"A588, U18, #15, OT"
170,"[1198.3, 3833.2, 3971.3, 4060.3, 4080.8]",3,90,"A588, U18, #15, OT"
171,"[1417.2, 1672.5, 1687.0, 1691.8, 3505.0]",5,150,"A588, U18, #15, OT"
172,"[42.9, 511.6, 2926.0, 2965.2, 2979.9, 3013.8, 3059.1, 3134.7, 4294.8]",4,120,"A588, U18, #15, OT"
173,"[227.8, 245.3, 2390.2, 2619.0, 2735.9, 2754.3, 2875.2, 2964.3, 3029.7, 3063.7, 3127.3, 3148.7, 3176.3, 3367.8, 3386.2, 3704.7, 3789.2]",6,180,"A588, U18, #15, OT"
174,"[1921.3, 2059.4, 2214.2, 2685.7, 3632.1, 4077.0, 4083.9, 4173.7, 4197.4]",8,240,"A588, U18, #15, OT"
175,"[4085.4, 4131.2, 4175.1, 4216.2, 4330.9, 4391.5]",0,0,"A588, U18, #15, OT"
176,"[4138.9, 4158.3, 4166.8, 4321.0, 4438.2, 4465.5]",10,300,"A588, U18, #15, OT"
177,"[768.5, 877.9, 1358.9, 2035.6, 4055.3, 4081.1, 4102.3, 4113.0, 4128.2, 4199.0, 4229.4, 4267.1, 4320.0, 4358.1, 4447.6]",9,270,"A588, U18, #15, OT"
178,"[1541.8, 1543.5]",2,60,"A588, U18, #15, OT"
179,"[2350.5, 2512.6, 2636.8, 2717.8]",7,210,"A588, U18, #15, OT"
180,"[64.9, 144.5, 2306.3, 3101.4, 3247.3, 3253.6, 3325.1, 3366.2, 3868.1, 4384.0]",1,30,"A588, U18, #15, OT"
181,"[88.2, 231.4, 1448.5, 1531.4, 1995.8, 2253.8, 2534.8, 3340.4, 3348.3, 3355.6, 4088.0, 4124.6, 4183.5, 4213.5, 4424.4, 4440.9, 4463.2]",11,330,"A588, U18, #15, OT"
